Frame Offset; Left Frame Index; Right Frame Index; Left Frame Time (ms); Left time from first frame (ms); Right Frame Time (ms); Right time from first frame (ms); Frame Time Diff (ms)
0;1;1;0.704;0;0.6448;0;-0.05919999
1;2;2;0.6919;0.703999996185303;0.6483;0.644800007343292;-0.04360002
2;3;3;0.5931;1.39590001106262;0.9948;1.2930999994278;0.4017
3;4;4;0.5625;1.98900002241135;0.7594;2.2878999710083;0.1969
4;5;5;0.582;2.55150002241135;1.0732;3.04729998111725;0.4912
5;6;6;0.565;3.13350003957748;0.9741;4.12049996852875;0.4091
6;7;7;0.8225;3.6985000371933;0.7912;5.0945999622345;-0.03130001
7;8;8;0.7289;4.52100002765656;0.7597;5.88579994440079;0.03079998
8;9;9;1.1211;5.24990004301071;0.6853;6.64549994468689;-0.4358
9;10;10;0.7932;6.37099999189377;0.7774;7.33079993724823;-0.0158
10;11;11;0.8253;7.1642000079155;0.8143;8.1081999540329;-0.01099998
11;12;12;0.6049;7.98949998617172;0.707;8.92249995470047;0.1021
12;13;13;0.8222;8.59439998865128;0.6672;9.62949997186661;-0.155
13;14;14;0.5656;9.41659998893738;0.6784;10.2966999411583;0.1128
14;15;15;0.7186;9.9821999669075;0.7109;10.9750999212265;-0.007699966
15;16;16;0.7516;10.7007999420166;0.6717;11.6859999299049;-0.07990003
16;17;17;0.5758;11.452399969101;0.654;12.3576999306679;0.07819998
17;18;18;0.5824;12.0281999707222;0.6992;13.0116999149323;0.1168
18;19;19;0.5969;12.6105999946594;0.6187;13.7108998894691;0.02180004
19;20;20;0.6301;13.2074999809265;0.6193;14.329599916935;-0.0108
20;21;21;0.7152;13.8375999927521;0.6461;14.9488999247551;-0.06910002
21;22;22;0.6346;14.5527999997139;0.6577;15.5949999094009;0.02310002
22;23;23;0.6178;15.1873999834061;0.6317;16.2526999115944;0.01389998
23;24;24;0.5675;15.8051999807358;0.6383;16.8843998908997;0.07080001
24;25;25;0.6095;16.3726999759674;0.679;17.5226998925209;0.06950003
25;26;26;0.5615;16.9821999669075;0.904;18.2016999125481;0.3425
26;27;27;0.5823;17.5436999797821;0.6578;19.1056998968124;0.07550001
27;28;28;0.5466;18.1259999871254;1.0033;19.7634999155998;0.4567
28;29;29;0.7434;18.6725999712944;0.8942;20.7667998671532;0.1508
29;30;30;0.8065;19.4159999489784;0.8714;21.6609998941422;0.06489998
30;31;31;0.8033;20.2224999666214;0.7416;22.532399892807;-0.06170005
31;32;32;0.995;21.0257999897003;1.0787;23.2739998698235;0.08369994
32;33;33;1.7432;22.0207999944687;0.8542;24.352699816227;-0.8889999
33;34;34;1.4115;23.7639999389648;0.6671;25.2068998217583;-0.7444
34;35;35;1.0405;25.1754999160767;0.6911;25.8739998340607;-0.3494
35;36;36;0.9418;26.2159999608994;0.968;26.5650998353958;0.0262
36;37;37;1.2715;27.1577999591827;0.7598;27.5330998301506;-0.5117
37;38;38;0.7188;28.4292999505997;0.9596;28.2928998470306;0.2408
38;39;39;0.7111;29.1480999588966;0.746;29.2524998188019;0.03490001
39;40;40;1.0644;29.8591999411583;0.6817;29.9984998106956;-0.3827
40;41;41;0.8358;30.9235998988152;1.0669;30.6801998019218;0.2311
41;42;42;0.8693;31.7593998908997;0.8332;31.7470998167992;-0.03610003
42;43;43;0.9551;32.6286998987198;0.746;32.5802997946739;-0.2091
43;44;44;0.719;33.5837998986244;0.8921;33.3262997865677;0.1731
44;45;45;0.9101;34.3027998805046;0.8345;34.2183997631073;-0.07559997
45;46;46;0.799;35.2128998637199;0.6698;35.0528997778893;-0.1292
46;47;47;0.7938;36.0118998885155;0.6507;35.7226997613907;-0.1431
47;48;48;1.2854;36.8056998848915;1.1732;36.3733997344971;-0.1122
48;49;49;0.8538;38.0910999178886;0.9501;37.5465997457504;0.09630001
49;50;50;1.6842;38.9448999166489;0.8922;38.4966997504234;-0.7920001
50;51;51;1.0407;40.6290999650955;0.8713;39.388899743557;-0.1694
51;52;52;0.7348;41.6697999238968;0.8555;40.2601997256279;0.1207
52;53;53;0.8145;42.404599905014;0.7688;41.1156997084618;-0.04569995
53;54;54;1.1197;43.2190998792648;0.9871;41.8844997286797;-0.1325999
54;55;55;0.9631;44.3387998342514;0.8776;42.8715997338295;-0.0855
55;56;56;0.7835;45.3018998503685;0.6891;43.7491997480392;-0.09439999
56;57;57;0.8863;46.0853998661041;0.7945;44.4382997751236;-0.09180003
57;58;58;0.8567;46.9716998934746;0.6843;45.2327997684479;-0.1724
58;59;59;0.914;47.8283998966217;0.6377;45.9170997738838;-0.2763
59;60;60;0.723;48.7423998713493;0.6939;46.5547997951508;-0.0291
60;61;61;0.8699;49.4653998613358;0.7032;47.2486997842789;-0.1667
61;62;62;0.6769;50.3352998495102;0.7102;47.951899766922;0.03330004
62;63;63;0.6263;51.012199819088;0.7245;48.6620997786522;0.09820002
63;64;64;0.8139;51.6384997963905;0.6367;49.386599779129;-0.1772
64;65;65;0.7288;52.452399790287;0.6684;50.0232997536659;-0.06040001
65;66;66;0.6778;53.1811997890472;0.6354;50.6916997432709;-0.0424
66;67;67;0.6602;53.8589997887611;0.626;51.3270997405052;-0.03420001
67;68;68;0.7594;54.5191997885704;0.8027;51.9530997276306;0.04329997
68;69;69;2.3583;55.2785997986794;1.3234;52.7557997107506;-1.0349
69;70;70;0.8318;57.6368997693062;0.8078;54.0791997313499;-0.02399999
70;71;71;0.8265;58.4686997532845;0.7057;54.8869997262955;-0.1208
71;72;72;0.7496;59.2951997518539;0.6966;55.5926997065544;-0.05299997
72;73;73;0.7027;60.0447997450829;0.7552;56.2892997264862;0.05249995
73;74;74;0.6311;60.7474997639656;0.8268;57.0444996953011;0.1957
74;75;75;0.6296;61.3785997629166;0.7067;57.8712996840477;0.07710004
75;76;76;0.6537;62.0081997513771;0.6517;58.5779997110367;-0.001999974
76;77;77;1.0083;62.6618997454643;0.638;59.2296997308731;-0.3702999
77;78;78;0.6249;63.6701996922493;0.6588;59.8676997423172;0.03390002
78;79;79;0.6155;64.2950996756554;0.6713;60.52649974823;0.05580002
79;80;80;1.0026;64.9105996489525;1.0632;61.1977997422218;0.06060004
80;81;81;0.6723;65.9131996035576;0.6381;62.2609997391701;-0.03419995
81;82;82;0.6841;66.5854995846748;0.6619;62.8990997672081;-0.02219999
82;83;83;0.9128;67.2695995569229;0.6208;63.560999751091;-0.292
83;84;84;0.9455;68.1823995709419;0.6414;64.1817997694016;-0.3041
84;85;85;0.8678;69.1278995871544;0.9533;64.8231997489929;0.0855
85;86;86;0.6576;69.9956995844841;0.8931;65.77649974823;0.2355
86;87;87;0.8863;70.6532995700836;0.7763;66.6695997714996;-0.11
87;88;88;1.6209;71.5395995974541;0.7697;67.445899784565;-0.8512
88;89;89;0.7789;73.1604996323586;0.8841;68.2155997753143;0.1052
89;90;90;1.013;73.9393996596336;1.0021;69.0996997952461;-0.01090002
90;91;91;0.7841;74.9523996710777;0.9571;70.1017997860909;0.173
91;92;92;0.7742;75.7364996671677;0.805;71.0588997602463;0.03079998
92;93;93;0.6518;76.5106996893883;0.7881;71.8638997673988;0.1363
93;94;94;0.9338;77.162499666214;0.6776;72.651999771595;-0.2562
94;95;95;0.8345;78.0962996482849;0.6896;73.3295997977257;-0.1449
95;96;96;0.6201;78.9307996630669;0.6689;74.0191997885704;0.04879999
96;97;97;1.0059;79.5508996844292;0.6613;74.6880998015404;-0.3446
97;98;98;0.812;80.5567997097969;0.6873;75.349399805069;-0.1247
98;99;99;0.6311;81.3687996864319;0.7809;76.0366998314857;0.1498
99;100;100;0.6131;81.9998996853828;0.7974;76.8175998330116;0.1843
100;101;101;0.7056;82.6129996776581;0.9066;77.6149998307228;0.201
101;102;102;0.8473;83.3185997009277;0.6449;78.5215998291969;-0.2024
102;103;103;0.8615;84.1658996939659;0.8102;79.1664998531342;-0.05130005
103;104;104;0.6368;85.0273997187614;0.8217;79.9766998291016;0.1849
104;105;105;0.8844;85.6641997098923;0.8738;80.7983998060226;-0.01060003
105;106;106;0.6953;86.5485997200012;1.0152;81.6721997857094;0.3199
106;107;107;0.7711;87.2438997030258;0.649;82.6873998045921;-0.1221
107;108;108;0.7998;88.0149996876717;0.9224;83.3363997936249;0.1226
108;109;109;1.0272;88.8147996664047;0.7035;84.2587997913361;-0.3237
109;110;110;0.7146;89.8419996500015;0.6414;84.9622997641563;-0.07320005
110;111;111;0.688;90.556599676609;0.6541;85.6036997437477;-0.03390002
111;112;112;0.6233;91.2445996999741;1.1459;86.257799744606;0.5226
112;113;113;0.706;91.8678997159004;0.8412;87.4036997556686;0.1352
113;114;114;0.685;92.5738996863365;0.6995;88.2448997497559;0.01450002
114;115;115;0.6836;93.2588996887207;0.6974;88.9443997740746;0.01379997
115;116;116;0.5894;93.9424996972084;0.6403;89.6417997479439;0.05089998
116;117;117;0.5906;94.5318996906281;0.6149;90.2820997238159;0.02429998
117;118;118;0.5867;95.122499704361;0.6055;90.8969997167587;0.01879996
118;119;119;0.6259;95.7091997265816;0.6144;91.5024996995926;-0.0115
119;120;120;0.5727;96.335099697113;0.6456;92.1168996691704;0.0729
120;121;121;0.5512;96.9077997207642;0.6641;92.7624996900558;0.1129
121;122;122;0.5587;97.4589996933937;0.6622;93.4265996813774;0.1034999
122;123;123;0.5516;98.0176997184753;0.6972;94.0887996554375;0.1456
123;124;124;0.7367;98.569299697876;0.6977;94.7859996557236;-0.03899997
124;125;125;0.6009;99.3059996962547;0.6316;95.4836996793747;0.03070003
125;126;126;0.5718;99.9068996906281;0.6461;96.1152997016907;0.07429999
126;127;127;0.6297;100.478699684143;0.8086;96.7613996863365;0.1789
127;128;128;0.5918;101.108399689198;0.7896;97.5699996948242;0.1978
128;129;129;0.6836;101.700199663639;0.7722;98.3595997095108;0.08859998
129;130;130;0.6533;102.383799672127;0.7845;99.131799697876;0.1312
130;131;131;0.7296;103.037099659443;0.7537;99.916299700737;0.02410001
131;132;132;0.6119;103.766699671745;0.7514;100.669999718666;0.1395
132;133;133;0.6766;104.378599643707;0.7848;101.421399712563;0.1082
133;134;134;1.2515;105.055199623108;0.6252;102.206199705601;-0.6263
134;135;135;0.721;106.306699633598;1.2421;102.831399679184;0.5211
135;136;136;0.8222;107.027699649334;0.9414;104.073499679565;0.1192
136;137;137;0.6868;107.84989964962;0.7614;105.014899671078;0.07459998
137;138;138;0.8811;108.536699652672;0.7722;105.776299655437;-0.1089
138;139;139;0.6602;109.417799651623;0.6615;106.548499643803;0.001299977
139;140;140;0.6571;110.077999651432;0.6733;107.209999620914;0.01620001
140;141;141;0.6559;110.735099673271;0.664;107.883299648762;0.008099973
141;142;142;0.6626;111.390999674797;0.6702;108.547299623489;0.007600009
142;143;143;0.7119;112.053599655628;0.6703;109.217499613762;-0.04159999
143;144;144;0.5924;112.765499651432;0.6631;109.887799620628;0.07069999
144;145;145;0.6351;113.357899665833;0.6549;110.550899624825;0.01980001
145;146;146;0.6108;113.99299967289;0.6639;111.205799639225;0.05309999
146;147;147;0.6053;114.603799700737;0.6543;111.869699656963;0.04899997
147;148;148;0.7021;115.209099709988;0.822;112.523999631405;0.1199
148;149;149;0.6721;115.911199688911;0.6389;113.345999658108;-0.03320003
149;150;150;0.6578;116.583299696445;0.6032;113.984899640083;-0.0546
150;151;151;0.6743;117.241099715233;0.8824;114.588099658489;0.2081
151;152;152;0.6552;117.915399730206;0.8211;115.470499634743;0.1659
152;153;153;0.7062;118.570599734783;0.7867;116.29159963131;0.08050001
153;154;154;0.6786;119.276799738407;0.7894;117.078299641609;0.1108
154;155;155;0.5649;119.955399751663;0.8956;117.867699623108;0.3307
155;156;156;0.5625;120.520299732685;0.835;118.763299643993;0.2725
156;157;157;0.6931;121.082799732685;1.124;119.598299622536;0.4309
157;158;158;1.237;121.775899708271;0.8217;120.722299575806;-0.4153
158;159;159;0.7044;123.012899696827;1.1882;121.543999552727;0.4838
159;160;160;0.7536;123.717299699783;0.7815;122.732199549675;0.02789998
160;161;161;0.5967;124.470899701118;0.7169;123.513699531555;0.1202
161;162;162;0.6834;125.067599713802;0.6482;124.230599522591;-0.0352
162;163;163;0.6459;125.750999689102;1.4142;124.878799498081;0.7682999
163;164;164;0.6622;126.396899700165;0.9214;126.292999446392;0.2592
164;165;165;0.8379;127.059099674225;0.9297;127.214399456978;0.09180003
165;166;166;0.5846;127.896999657154;0.7923;128.144099473953;0.2077
166;167;167;0.7518;128.481599628925;0.7042;128.936399459839;-0.04760003
167;168;168;0.6814;129.233399629593;0.7698;129.640599429607;0.08840001
168;169;169;0.6718;129.914799630642;0.8635;130.410399436951;0.1917
169;170;170;0.6949;130.586599647999;0.74;131.273899435997;0.04510003
170;171;171;0.6692;131.281499624252;0.6643;132.013899445534;-0.004899979
171;172;172;0.6726;131.950699627399;1.0523;132.678199470043;0.3797
172;173;173;0.6789;132.623299598694;0.8839;133.730499446392;0.205
173;174;174;0.6591;133.302199602127;1.0494;134.614399433136;0.3903
174;175;175;0.9085;133.961299598217;0.8018;135.663799405098;-0.1067
175;176;176;0.9012;134.869799613953;1.0591;136.465599417686;0.1579
176;177;177;1.0877;135.770999610424;0.8065;137.524699449539;-0.2812
177;178;178;0.7694;136.85869961977;0.6865;138.331199467182;-0.08289999
178;179;179;1.0257;137.628099620342;0.9094;139.017699480057;-0.1163
179;180;180;1.686;138.653799593449;1.049;139.927099466324;-0.637
180;181;181;1.0965;140.339799582958;0.8673;140.976099491119;-0.2292001
181;182;182;1.5238;141.436299622059;1.0905;141.843399465084;-0.4333
182;183;183;0.976;142.960099637508;0.6472;142.933899462223;-0.3288
183;184;184;0.9053;143.936099648476;0.9268;143.581099450588;0.02149999
184;185;185;1.187;144.841399669647;0.7315;144.507899463177;-0.4555001
185;186;186;1.3581;146.028399705887;0.8665;145.239399433136;-0.4915999
186;187;187;1.2426;147.386499643326;0.7094;146.105899453163;-0.5332
187;188;188;1.0185;148.629099607468;0.9556;146.815299451351;-0.06289995
188;189;189;1.3227;149.647599577904;1.1043;147.770899474621;-0.2184
189;190;190;1.014;150.970299601555;0.8592;148.875199496746;-0.1547999
190;191;191;1.2458;151.98429954052;0.7596;149.734399497509;-0.4862
191;192;192;1.2112;153.23009955883;0.7268;150.493999481201;-0.4844
192;193;193;1.0491;154.441299557686;0.9506;151.220799505711;-0.09850007
193;194;194;2.4785;155.490399599075;0.6817;152.171399474144;-1.7968
194;195;195;0.9991;157.968899488449;1.2382;152.85309946537;0.2391
195;196;196;1.0982;158.967999458313;1.0429;154.091299414635;-0.0553
196;197;197;0.8897;160.066199421883;1.0953;155.134199380875;0.2056
197;198;198;0.6383;160.9558994174;1.0495;156.229499340057;0.4112
198;199;199;0.5993;161.594199419022;1.0524;157.278999328613;0.4531
199;200;200;0.6334;162.193499445915;0.865;158.331399321556;0.2316
200;201;201;0.6778;162.826899468899;0.8204;159.196399331093;0.1426
201;202;202;0.8204;163.504699468613;0.9001;160.016799330711;0.07969999
202;203;203;0.9299;164.325099468231;0.8632;160.916899323463;-0.06669998
203;204;204;0.9127;165.25499945879;1.0244;161.780099332333;0.1117
204;205;205;0.781;166.167699456215;0.6736;162.804499328136;-0.1074
205;206;206;0.7665;166.948699474335;0.6532;163.478099346161;-0.1133
206;207;207;0.7379;167.71519947052;0.9465;164.131299316883;0.2086
207;208;208;0.8158;168.453099489212;0.757;165.077799320221;-0.05880004
208;209;209;0.6246;169.26889950037;0.8546;165.834799289703;0.23
209;210;210;0.6357;169.893499493599;0.7716;166.689399302006;0.1359
210;211;211;0.6505;170.52919948101;0.7479;167.460999310017;0.09740001
211;212;212;0.6643;171.179699480534;0.7254;168.208899319172;0.06109995
212;213;213;2.0737;171.843999505043;0.9626;168.93429929018;-1.1111
213;214;214;0.8159;173.917699456215;1.0403;169.896899282932;0.2244
214;215;215;0.6358;174.733599424362;0.9174;170.937199294567;0.2816
215;216;216;0.7011;175.369399428368;0.7197;171.854599297047;0.01859999
216;217;217;0.6903;176.070499420166;1.0462;172.574299275875;0.3559
217;218;218;0.6427;176.760799407959;0.709;173.620499312878;0.06629997
218;219;219;0.8264;177.403499424458;0.7468;174.329499304295;-0.07959998
219;220;220;0.9402;178.229899406433;0.8134;175.076299309731;-0.1268
220;221;221;0.6725;179.170099377632;0.8065;175.889699280262;0.134
221;222;222;0.9298;179.842599391937;0.9187;176.696199297905;-0.01109999
222;223;223;0.7115;180.772399365902;0.8459;177.614899277687;0.1344
223;224;224;0.6025;181.483899354935;0.6531;178.460799276829;0.05059999
224;225;225;0.6609;182.086399376392;0.6243;179.113899290562;-0.03659999
225;226;226;0.9025;182.74729937315;0.6382;179.738199293613;-0.2643
226;227;227;0.6753;183.649799346924;1.11;180.376399278641;0.4347
227;228;228;0.6094;184.325099349022;0.9943;181.486399292946;0.3849
228;229;229;0.8965;184.934499323368;0.8776;182.480699300766;-0.01889998
229;230;230;0.8629;185.830999314785;1.0858;183.358299314976;0.2229
230;231;231;0.9315;186.693899333477;1.0599;184.444099366665;0.1284
231;232;232;0.8278;187.62539935112;0.8431;185.50399941206;0.01530004
232;233;233;1.4135;188.453199326992;1.042;186.347099423409;-0.3714999
233;234;234;0.7271;189.866699278355;0.898;187.389099478722;0.1709
234;235;235;1.0651;190.593799293041;0.7596;188.287099480629;-0.3055
235;236;236;0.6582;191.658899247646;0.7189;189.046699464321;0.0607
236;237;237;0.8748;192.317099273205;0.8127;189.765599489212;-0.06210005
237;238;238;0.8058;193.191899299622;0.6587;190.578299462795;-0.1471
238;239;239;0.6333;193.997699320316;0.6258;191.236999452114;-0.007499993
239;240;240;0.9625;194.630999326706;0.6595;191.862799465656;-0.303
240;241;241;0.6514;195.593499302864;0.7467;192.522299468517;0.09530002
241;242;242;0.6123;196.244899272919;0.6919;193.268999457359;0.07960004
242;243;243;0.7224;196.857199251652;0.6924;193.960899472237;-0.03000003
243;244;244;0.7346;197.579599261284;0.6528;194.653299450874;-0.08179998
244;245;245;0.8286;198.314199268818;0.9811;195.30609947443;0.1525
245;246;246;0.7368;199.142799258232;0.7074;196.287199497223;-0.02939999
246;247;247;0.8061;199.879599273205;0.6399;196.99459952116;-0.1662
247;248;248;0.7463;200.685699284077;0.7131;197.634499490261;-0.03319997
248;249;249;0.8353;201.431999266148;0.7078;198.347599506378;-0.1275
249;250;250;0.8613;202.267299234867;0.6646;199.055399477482;-0.1967
250;251;251;0.9059;203.128599226475;0.6195;199.719999492168;-0.2864
251;252;252;0.7141;204.034499228001;0.8225;200.339499473572;0.1084
252;253;253;0.732;204.748599231243;1.0936;201.161999464035;0.3616
253;254;254;1.0842;205.480599224567;0.6504;202.255599498749;-0.4338
254;255;255;0.8382;206.564799249172;1.132;202.905999481678;0.2938
255;256;256;0.9964;207.402999222279;0.9046;204.03799945116;-0.09179997
256;257;257;0.7878;208.399399220943;0.6691;204.942599475384;-0.1187
257;258;258;0.7063;209.187199234962;0.6379;205.611699461937;-0.06840003
258;259;259;0.8011;209.89349925518;0.6421;206.249599456787;-0.159
259;260;260;0.7529;210.694599270821;0.6286;206.891699433327;-0.1243
260;261;261;0.9502;211.447499275208;0.9129;207.520299434662;-0.03730005
261;262;262;0.6784;212.397699296474;0.815;208.43319940567;0.1366
262;263;263;0.8745;213.076099276543;0.6402;209.248199403286;-0.2343
263;264;264;0.664;213.950599253178;0.8676;209.888399422169;0.2036
264;265;265;0.8508;214.614599227905;0.7118;210.755999445915;-0.139
265;266;266;0.6548;215.465399205685;0.8325;211.467799425125;0.1777
266;267;267;0.9585;216.120199203491;0.9828;212.300299406052;0.02430004
267;268;268;0.6455;217.078699171543;0.7216;213.283099412918;0.07609999
268;269;269;0.9349;217.724199175835;0.6603;214.004699409008;-0.2746
269;270;270;0.8389;218.659099161625;0.6616;214.664999425411;-0.1773
270;271;271;0.676;219.49799913168;0.6567;215.326599419117;-0.01929998
271;272;272;0.6774;220.173999130726;0.6574;215.983299434185;-0.01999998
272;273;273;0.6225;220.851399123669;0.6706;216.640699446201;0.04809999
273;274;274;1.6349;221.473899126053;0.6701;217.311299443245;-0.9648
274;275;275;0.83;223.108799099922;0.6632;217.981399416924;-0.1668
275;276;276;0.7498;223.938799083233;0.6591;218.644599437714;-0.09070003
276;277;277;0.842;224.68859910965;1.4116;219.303699433804;0.5696
277;278;278;0.5985;225.530599117279;1.2433;220.715299427509;0.6447999
278;279;279;0.6021;226.12909913063;1.2657;221.958599388599;0.6636
279;280;280;1.1107;226.731199145317;0.8081;223.224299371243;-0.3026
280;281;281;0.7021;227.84189915657;4.4967;224.032399356365;3.7946
281;282;282;0.7256;228.543999135494;1.4246;228.529099166393;0.699
282;283;283;0.601;229.26959913969;1.1142;229.953699171543;0.5132
283;284;284;0.6901;229.870599150658;3.9726;231.067899167538;3.2825
284;285;285;0.7093;230.560699164867;1.5323;235.040499150753;0.823
285;286;286;0.6476;231.269999146461;2.4049;236.572799146175;1.7573
286;287;287;0.6532;231.917599141598;1.1717;238.977699220181;0.5185
287;288;288;0.6122;232.57079911232;1.3489;240.149399220943;0.7366999
288;289;289;0.688;233.182999134064;1.1063;241.498299181461;0.4183
289;290;290;0.6635;233.870999157429;1.2013;242.604599177837;0.5378
290;291;291;0.563;234.534499168396;1.1792;243.805899202824;0.6162
291;292;292;0.556;235.097499191761;1.3816;244.985099256039;0.8256
292;293;293;0.6986;235.653499186039;2.3642;246.366699278355;1.6656
293;294;294;0.6536;236.352099180222;1.4213;248.73089915514;0.7677001
294;295;295;0.7815;237.005699157715;1.1734;250.152199208736;0.3919001
295;296;296;0.7318;237.787199139595;0.9376;251.325599253178;0.2058
296;297;297;1.164;238.518999159336;4.7277;252.263199269772;3.5637
297;298;298;0.6861;239.682999193668;1.3641;256.990899026394;0.678
298;299;299;0.6771;240.369099199772;10.4996;258.354999005795;9.8225
299;300;300;0;241.046199202538;4.3064;268.854599416256;4.3064
